timestamp,run_id,event,symbol,profile,strategy,direction,ticket,volume,price,atr_entry,atr_exit,indicator,profit,swap,commission,net,pips,exit_reason,adx_entry,donchian_width
2025.01.02 08:45:00,20250101_000000,ENTRY,USDJPY,v125_AtrBandConfig_YoYoEA_Multi_Entry_M15_MA_9,MA_CROSS,SELL,1,0.10,156.767,0.105214,,-0.015299,,,,,,,33.028641,0.906000
2025.01.02 09:00:41,20250101_000000,EXIT,USDJPY,v125_AtrBandConfig_YoYoEA_Multi_Entry_M15_MA_9,MA_CROSS,SELL,1,0.10,156.559,0.105214,0.111143,,13.28,0.00,0.00,13.28,20.8,STOP_TRAILING,33.028641,0.906000
2025.01.02 14:15:00,20250101_000000,ENTRY,USDJPY,v125_AtrBandConfig_YoYoEA_Multi_Entry_M15_MA_9,MA_CROSS,BUY,2,0.10,157.142,0.137643,,0.013824,,,,,,,36.483739,0.844000
2025.01.02 15:44:28,20250101_000000,EXIT,USDJPY,v125_AtrBandConfig_YoYoEA_Multi_Entry_M15_MA_9,MA_CROSS,BUY,2,0.10,156.812,0.137643,0.136929,,-21.05,0.00,0.00,-21.05,-33.0,STOP_LOSS,36.483739,0.844000
2025.01.06 15:15:00,20250101_000000,ENTRY,USDJPY,v125_AtrBandConfig_YoYoEA_Multi_Entry_M15_MA_9,MA_CROSS,SELL,3,0.10,156.523,0.221714,,-0.028296,,,,,,,37.089345,1.436000
2025.01.06 15:38:29,20250101_000000,EXIT,USDJPY,v125_AtrBandConfig_YoYoEA_Multi_Entry_M15_MA_9,MA_CROSS,SELL,3,0.10,156.513,0.221714,0.238000,,0.64,0.00,0.00,0.64,1.0,STOP_BREAKEVEN,37.089345,1.436000
2025.01.09 06:15:00,20250101_000000,ENTRY,USDJPY,v125_AtrBandConfig_YoYoEA_Multi_Entry_M15_MA_9,MA_CROSS,SELL,4,0.10,157.828,0.089857,,-0.009656,,,,,,,37.659112,0.561000
2025.01.09 07:04:19,20250101_000000,EXIT,USDJPY,v125_AtrBandConfig_YoYoEA_Multi_Entry_M15_MA_9,MA_CROSS,SELL,4,0.10,158.008,0.089857,0.084929,,-11.39,0.00,0.00,-11.39,-18.0,STOP_LOSS,37.659112,0.561000
2025.01.14 12:15:00,20250101_000000,ENTRY,USDJPY,v125_AtrBandConfig_YoYoEA_Multi_Entry_M15_MA_9,MA_CROSS,BUY,5,0.10,157.869,0.148643,,0.020852,,,,,,,35.106003,0.732000
2025.01.14 14:13:44,20250101_000000,EXIT,USDJPY,v125_AtrBandConfig_YoYoEA_Multi_Entry_M15_MA_9,MA_CROSS,BUY,5,0.10,158.124,0.148643,0.116786,,16.12,0.00,0.00,16.12,25.5,STOP_TRAILING,35.106003,0.732000
2025.01.15 08:30:00,20250101_000000,ENTRY,USDJPY,v125_AtrBandConfig_YoYoEA_Multi_Entry_M15_MA_9,MA_CROSS,SELL,6,0.10,157.412,0.116714,,-0.025407,,,,,,,48.081935,0.778000
2025.01.15 09:06:30,20250101_000000,EXIT,USDJPY,v125_AtrBandConfig_YoYoEA_Multi_Entry_M15_MA_9,MA_CROSS,SELL,6,0.10,157.195,0.116714,0.117071,,13.80,0.00,0.00,13.80,21.7,STOP_TRAILING,48.081935,0.778000
2025.01.21 13:45:00,20250101_000000,ENTRY,USDJPY,v125_AtrBandConfig_YoYoEA_Multi_Entry_M15_MA_9,MA_CROSS,BUY,7,0.10,155.924,0.117500,,0.011714,,,,,,,44.645197,0.617000
2025.01.21 15:21:38,20250101_000000,EXIT,USDJPY,v125_AtrBandConfig_YoYoEA_Multi_Entry_M15_MA_9,MA_CROSS,BUY,7,0.10,155.642,0.117500,0.111857,,-18.12,0.00,0.00,-18.12,-28.2,STOP_LOSS,44.645197,0.617000
2025.01.22 06:15:00,20250101_000000,ENTRY,USDJPY,v125_AtrBandConfig_YoYoEA_Multi_Entry_M15_MA_9,MA_CROSS,BUY,8,0.10,155.848,0.107929,,0.015434,,,,,,,33.733031,0.606000
2025.01.22 08:52:28,20250101_000000,EXIT,USDJPY,v125_AtrBandConfig_YoYoEA_Multi_Entry_M15_MA_9,MA_CROSS,BUY,8,0.10,155.868,0.107929,0.097500,,1.28,0.00,0.00,1.28,2.0,STOP_BREAKEVEN,33.733031,0.606000
2025.01.24 16:00:00,20250101_000000,ENTRY,USDJPY,v125_AtrBandConfig_YoYoEA_Multi_Entry_M15_MA_9,MA_CROSS,BUY,9,0.10,156.323,0.156929,,0.004296,,,,,,,53.968536,1.454000
2025.01.24 16:45:00,20250101_000000,EXIT,USDJPY,v125_AtrBandConfig_YoYoEA_Multi_Entry_M15_MA_9,MA_CROSS,BUY,9,0.10,156.353,0.156929,0.164357,,1.92,0.00,0.00,1.92,3.0,STOP_BREAKEVEN,53.968536,1.454000
2025.01.24 18:30:00,20250101_000000,ENTRY,USDJPY,v125_AtrBandConfig_YoYoEA_Multi_Entry_M15_MA_9,MA_CROSS,SELL,10,0.10,155.674,0.195500,,-0.048309,,,,,,,38.328582,0.945000
2025.01.24 19:25:48,20250101_000000,EXIT,USDJPY,v125_AtrBandConfig_YoYoEA_Multi_Entry_M15_MA_9,MA_CROSS,SELL,10,0.10,155.664,0.195500,0.186286,,0.64,0.00,0.00,0.64,1.0,STOP_BREAKEVEN,38.328582,0.945000
2025.01.27 09:00:00,20250101_000000,ENTRY,USDJPY,v125_AtrBandConfig_YoYoEA_Multi_Entry_M15_MA_9,MA_CROSS,BUY,11,0.10,155.996,0.111857,,0.021443,,,,,,,50.128138,0.839000
2025.01.27 09:33:14,20250101_000000,EXIT,USDJPY,v125_AtrBandConfig_YoYoEA_Multi_Entry_M15_MA_9,MA_CROSS,BUY,11,0.10,155.728,0.111857,0.123286,,-17.21,0.00,0.00,-17.21,-26.8,STOP_LOSS,50.128138,0.839000
2025.01.27 10:30:00,20250101_000000,ENTRY,USDJPY,v125_AtrBandConfig_YoYoEA_Multi_Entry_M15_MA_9,MA_CROSS,SELL,12,0.10,155.417,0.157071,,-0.034984,,,,,,,31.053190,0.901000
2025.01.27 10:45:12,20250101_000000,EXIT,USDJPY,v125_AtrBandConfig_YoYoEA_Multi_Entry_M15_MA_9,MA_CROSS,SELL,12,0.10,155.150,0.157071,0.171286,,17.21,0.00,0.00,17.21,26.7,STOP_TRAILING,31.053190,0.901000
2025.01.28 05:15:00,20250101_000000,ENTRY,USDJPY,v125_AtrBandConfig_YoYoEA_Multi_Entry_M15_MA_9,MA_CROSS,BUY,13,0.10,155.611,0.197714,,0.001969,,,,,,,49.744755,1.198000
2025.01.28 08:00:29,20250101_000000,EXIT,USDJPY,v125_AtrBandConfig_YoYoEA_Multi_Entry_M15_MA_9,MA_CROSS,BUY,13,0.10,155.621,0.197714,0.139857,,0.64,0.00,0.00,0.64,1.0,STOP_BREAKEVEN,49.744755,1.198000
2025.01.29 18:15:00,20250101_000000,ENTRY,USDJPY,v125_AtrBandConfig_YoYoEA_Multi_Entry_M15_MA_9,MA_CROSS,SELL,14,0.10,155.064,0.132786,,-0.011145,,,,,,,31.619296,0.579000
2025.01.29 21:00:37,20250101_000000,EXIT,USDJPY,v125_AtrBandConfig_YoYoEA_Multi_Entry_M15_MA_9,MA_CROSS,SELL,14,0.10,155.383,0.132786,0.116214,,-20.53,0.00,0.00,-20.53,-31.9,STOP_LOSS,31.619296,0.579000
2025.01.31 10:30:00,20250101_000000,ENTRY,USDJPY,v125_AtrBandConfig_YoYoEA_Multi_Entry_M15_MA_9,MA_CROSS,BUY,15,0.10,154.644,0.156786,,0.000080,,,,,,,31.940780,0.712000
2025.01.31 15:34:09,20250101_000000,EXIT,USDJPY,v125_AtrBandConfig_YoYoEA_Multi_Entry_M15_MA_9,MA_CROSS,BUY,15,0.10,154.920,0.156786,0.097429,,17.82,0.00,0.00,17.82,27.6,STOP_TRAILING,31.940780,0.712000
2025.02.03 15:15:00,20250101_000000,ENTRY,USDJPY,v125_AtrBandConfig_YoYoEA_Multi_Entry_M15_MA_9,MA_CROSS,SELL,16,0.10,154.579,0.145214,,-0.027695,,,,,,,66.915537,1.380000
2025.02.03 16:32:20,20250101_000000,EXIT,USDJPY,v125_AtrBandConfig_YoYoEA_Multi_Entry_M15_MA_9,MA_CROSS,SELL,16,0.10,154.549,0.145214,0.157071,,1.94,0.00,0.00,1.94,3.0,STOP_BREAKEVEN,66.915537,1.380000
2025.02.04 02:15:00,20250101_000000,ENTRY,USDJPY,v125_AtrBandConfig_YoYoEA_Multi_Entry_M15_MA_9,MA_CROSS,BUY,17,0.10,155.321,0.157000,,0.020596,,,,,,,41.511905,0.796000
2025.02.04 07:06:17,20250101_000000,EXIT,USDJPY,v125_AtrBandConfig_YoYoEA_Multi_Entry_M15_MA_9,MA_CROSS,BUY,17,0.10,154.960,0.157000,0.096000,,-23.30,0.00,0.00,-23.30,-36.1,STOP_LOSS,41.511905,0.796000
2025.02.04 18:00:00,20250101_000000,ENTRY,USDJPY,v125_AtrBandConfig_YoYoEA_Multi_Entry_M15_MA_9,MA_CROSS,SELL,18,0.10,154.669,0.132071,,-0.036058,,,,,,,43.041984,0.858000
2025.02.04 19:22:42,20250101_000000,EXIT,USDJPY,v125_AtrBandConfig_YoYoEA_Multi_Entry_M15_MA_9,MA_CROSS,SELL,18,0.10,154.423,0.132071,0.144357,,15.93,0.00,0.00,15.93,24.6,STOP_TRAILING,43.041984,0.858000
2025.02.10 04:45:00,20250101_000000,ENTRY,USDJPY,v125_AtrBandConfig_YoYoEA_Multi_Entry_M15_MA_9,MA_CROSS,BUY,19,0.10,152.125,0.177714,,0.042021,,,,,,,39.981121,0.999000
2025.02.10 10:23:40,20250101_000000,EXIT,USDJPY,v125_AtrBandConfig_YoYoEA_Multi_Entry_M15_MA_9,MA_CROSS,BUY,19,0.10,152.446,0.177714,0.114786,,21.06,0.00,0.00,21.06,32.1,STOP_TRAILING,39.981121,0.999000
2025.02.10 18:30:00,20250101_000000,ENTRY,USDJPY,v125_AtrBandConfig_YoYoEA_Multi_Entry_M15_MA_9,MA_CROSS,SELL,20,0.10,151.661,0.106571,,-0.005373,,,,,,,54.475344,0.674000
2025.02.10 19:49:04,20250101_000000,EXIT,USDJPY,v125_AtrBandConfig_YoYoEA_Multi_Entry_M15_MA_9,MA_CROSS,SELL,20,0.10,151.917,0.106571,0.096286,,-16.85,0.00,0.00,-16.85,-25.6,STOP_LOSS,54.475344,0.674000
2025.02.10 20:30:00,20250101_000000,ENTRY,USDJPY,v125_AtrBandConfig_YoYoEA_Multi_Entry_M15_MA_9,MA_CROSS,BUY,21,0.10,151.958,0.086571,,0.001619,,,,,,,39.807511,0.400000
2025.02.10 21:41:30,20250101_000000,EXIT,USDJPY,v125_AtrBandConfig_YoYoEA_Multi_Entry_M15_MA_9,MA_CROSS,BUY,21,0.10,151.978,0.086571,0.076143,,1.32,0.00,0.00,1.32,2.0,STOP_BREAKEVEN,39.807511,0.400000
2025.02.13 17:30:00,20250101_000000,ENTRY,USDJPY,v125_AtrBandConfig_YoYoEA_Multi_Entry_M15_MA_9,MA_CROSS,SELL,22,0.10,153.384,0.199714,,-0.003872,,,,,,,36.971014,0.717000
2025.02.13 18:13:03,20250101_000000,EXIT,USDJPY,v125_AtrBandConfig_YoYoEA_Multi_Entry_M15_MA_9,MA_CROSS,SELL,22,0.10,153.045,0.199714,0.211071,,22.15,0.00,0.00,22.15,33.9,STOP_TRAILING,36.971014,0.717000
2025.02.18 07:30:00,20250101_000000,ENTRY,USDJPY,v125_AtrBandConfig_YoYoEA_Multi_Entry_M15_MA_9,MA_CROSS,BUY,23,0.10,152.080,0.093643,,0.017561,,,,,,,52.344663,0.661000
2025.02.18 08:54:37,20250101_000000,EXIT,USDJPY,v125_AtrBandConfig_YoYoEA_Multi_Entry_M15_MA_9,MA_CROSS,BUY,23,0.10,151.893,0.093643,0.104500,,-12.31,0.00,0.00,-12.31,-18.7,STOP_LOSS,52.344663,0.661000
2025.02.18 12:30:00,20250101_000000,ENTRY,USDJPY,v125_AtrBandConfig_YoYoEA_Multi_Entry_M15_MA_9,MA_CROSS,SELL,24,0.10,151.719,0.105000,,-0.008019,,,,,,,32.444138,0.429000
2025.02.18 17:40:16,20250101_000000,EXIT,USDJPY,v125_AtrBandConfig_YoYoEA_Multi_Entry_M15_MA_9,MA_CROSS,SELL,24,0.10,151.537,0.105000,0.096500,,12.01,0.00,0.00,12.01,18.2,STOP_TRAILING,32.444138,0.429000
2025.02.18 20:30:00,20250101_000000,ENTRY,USDJPY,v125_AtrBandConfig_YoYoEA_Multi_Entry_M15_MA_9,MA_CROSS,BUY,25,0.10,151.988,0.094214,,0.005979,,,,,,,36.079481,0.467000
2025.02.19 00:00:00,20250101_000000,EXIT,USDJPY,v125_AtrBandConfig_YoYoEA_Multi_Entry_M15_MA_9,MA_CROSS,BUY,25,0.10,152.008,0.094214,0.064571,,1.31,0.00,0.00,1.31,2.0,STOP_BREAKEVEN,36.079481,0.467000
2025.02.19 09:30:00,20250101_000000,ENTRY,USDJPY,v125_AtrBandConfig_YoYoEA_Multi_Entry_M15_MA_9,MA_CROSS,SELL,26,0.10,151.783,0.108857,,-0.002750,,,,,,,32.874342,0.526000
2025.02.19 10:19:37,20250101_000000,EXIT,USDJPY,v125_AtrBandConfig_YoYoEA_Multi_Entry_M15_MA_9,MA_CROSS,SELL,26,0.10,151.763,0.108857,0.108714,,1.32,0.00,0.00,1.32,2.0,STOP_BREAKEVEN,32.874342,0.526000
2025.02.19 17:00:00,20250101_000000,ENTRY,USDJPY,v125_AtrBandConfig_YoYoEA_Multi_Entry_M15_MA_9,MA_CROSS,SELL,27,0.10,151.334,0.108429,,-0.029280,,,,,,,32.371280,0.624000
2025.02.19 18:22:40,20250101_000000,EXIT,USDJPY,v125_AtrBandConfig_YoYoEA_Multi_Entry_M15_MA_9,MA_CROSS,SELL,27,0.10,151.594,0.108429,0.125786,,-17.15,0.00,0.00,-17.15,-26.0,STOP_LOSS,32.371280,0.624000
2025.02.25 07:45:00,20250101_000000,ENTRY,USDJPY,v125_AtrBandConfig_YoYoEA_Multi_Entry_M15_MA_9,MA_CROSS,SELL,28,0.10,149.645,0.102000,,-0.000872,,,,,,,42.001273,0.840000
2025.02.25 09:27:32,20250101_000000,EXIT,USDJPY,v125_AtrBandConfig_YoYoEA_Multi_Entry_M15_MA_9,MA_CROSS,SELL,28,0.10,149.463,0.102000,0.120643,,12.18,0.00,0.00,12.18,18.2,STOP_TRAILING,42.001273,0.840000
2025.02.26 19:30:00,20250101_000000,ENTRY,USDJPY,v125_AtrBandConfig_YoYoEA_Multi_Entry_M15_MA_9,MA_CROSS,SELL,29,0.10,149.096,0.187357,,-0.018106,,,,,,,30.987131,0.826000
2025.02.26 23:20:21,20250101_000000,EXIT,USDJPY,v125_AtrBandConfig_YoYoEA_Multi_Entry_M15_MA_9,MA_CROSS,SELL,29,0.10,149.086,0.187357,0.123143,,0.67,0.00,0.00,0.67,1.0,STOP_BREAKEVEN,30.987131,0.826000
2025.03.03 20:00:00,20250101_000000,ENTRY,USDJPY,v125_AtrBandConfig_YoYoEA_Multi_Entry_M15_MA_9,MA_CROSS,SELL,30,0.10,150.174,0.191286,,-0.008017,,,,,,,45.224527,1.248000
2025.03.03 22:05:41,20250101_000000,EXIT,USDJPY,v125_AtrBandConfig_YoYoEA_Multi_Entry_M15_MA_9,MA_CROSS,SELL,30,0.10,149.745,0.191286,0.127214,,28.65,0.00,0.00,28.65,42.9,STOP_TRAILING,45.224527,1.248000
2025.03.05 11:15:00,20250101_000000,ENTRY,USDJPY,v125_AtrBandConfig_YoYoEA_Multi_Entry_M15_MA_9,MA_CROSS,SELL,31,0.10,149.258,0.166357,,-0.020162,,,,,,,35.277089,0.795000
2025.03.05 15:03:28,20250101_000000,EXIT,USDJPY,v125_AtrBandConfig_YoYoEA_Multi_Entry_M15_MA_9,MA_CROSS,SELL,31,0.10,149.641,0.166357,0.161000,,-25.60,0.00,0.00,-25.60,-38.3,STOP_LOSS,35.277089,0.795000
2025.03.06 08:15:00,20250101_000000,ENTRY,USDJPY,v125_AtrBandConfig_YoYoEA_Multi_Entry_M15_MA_9,MA_CROSS,SELL,32,0.10,148.786,0.114071,,-0.001456,,,,,,,31.176663,0.534000
2025.03.06 09:02:40,20250101_000000,EXIT,USDJPY,v125_AtrBandConfig_YoYoEA_Multi_Entry_M15_MA_9,MA_CROSS,SELL,32,0.10,148.558,0.114071,0.124000,,15.35,0.00,0.00,15.35,22.8,STOP_TRAILING,31.176663,0.534000
2025.03.11 13:15:00,20250101_000000,ENTRY,USDJPY,v125_AtrBandConfig_YoYoEA_Multi_Entry_M15_MA_9,MA_CROSS,BUY,33,0.10,147.593,0.150143,,0.026711,,,,,,,33.247145,0.886000
2025.03.11 14:57:35,20250101_000000,EXIT,USDJPY,v125_AtrBandConfig_YoYoEA_Multi_Entry_M15_MA_9,MA_CROSS,BUY,33,0.10,147.831,0.150143,0.134714,,16.10,0.00,0.00,16.10,23.8,STOP_TRAILING,33.247145,0.886000
2025.03.13 08:15:00,20250101_000000,ENTRY,USDJPY,v125_AtrBandConfig_YoYoEA_Multi_Entry_M15_MA_9,MA_CROSS,SELL,34,0.10,147.674,0.109500,,-0.010487,,,,,,,58.950701,0.671000
2025.03.13 09:31:39,20250101_000000,EXIT,USDJPY,v125_AtrBandConfig_YoYoEA_Multi_Entry_M15_MA_9,MA_CROSS,SELL,34,0.10,147.937,0.109500,0.122143,,-17.77,0.00,0.00,-17.77,-26.3,STOP_LOSS,58.950701,0.671000
2025.03.14 04:45:00,20250101_000000,ENTRY,USDJPY,v125_AtrBandConfig_YoYoEA_Multi_Entry_M15_MA_9,MA_CROSS,BUY,35,0.10,148.259,0.123214,,0.002736,,,,,,,40.682717,0.714000
2025.03.14 06:17:45,20250101_000000,EXIT,USDJPY,v125_AtrBandConfig_YoYoEA_Multi_Entry_M15_MA_9,MA_CROSS,BUY,35,0.10,148.468,0.123214,0.104857,,14.07,0.00,0.00,14.07,20.9,STOP_TRAILING,40.682717,0.714000
2025.03.21 15:45:00,20250101_000000,ENTRY,USDJPY,v125_AtrBandConfig_YoYoEA_Multi_Entry_M15_MA_9,MA_CROSS,SELL,36,0.10,148.790,0.124000,,-0.010053,,,,,,,53.913697,0.938000
2025.03.21 18:17:05,20250101_000000,EXIT,USDJPY,v125_AtrBandConfig_YoYoEA_Multi_Entry_M15_MA_9,MA_CROSS,SELL,36,0.10,149.088,0.124000,0.137214,,-19.99,0.00,0.00,-19.99,-29.8,STOP_LOSS,53.913697,0.938000
2025.03.25 16:30:00,20250101_000000,ENTRY,USDJPY,v125_AtrBandConfig_YoYoEA_Multi_Entry_M15_MA_9,MA_CROSS,SELL,37,0.10,149.808,0.126429,,-0.017256,,,,,,,66.106832,0.967000
2025.03.25 17:00:39,20250101_000000,EXIT,USDJPY,v125_AtrBandConfig_YoYoEA_Multi_Entry_M15_MA_9,MA_CROSS,SELL,37,0.10,149.788,0.126429,0.128643,,1.34,0.00,0.00,1.34,2.0,STOP_BREAKEVEN,66.106832,0.967000
2025.03.26 05:30:00,20250101_000000,ENTRY,USDJPY,v125_AtrBandConfig_YoYoEA_Multi_Entry_M15_MA_9,MA_CROSS,BUY,38,0.10,150.414,0.113857,,0.006288,,,,,,,34.561088,0.578000
2025.03.26 07:08:21,20250101_000000,EXIT,USDJPY,v125_AtrBandConfig_YoYoEA_Multi_Entry_M15_MA_9,MA_CROSS,BUY,38,0.10,150.608,0.113857,0.081857,,12.88,0.00,0.00,12.88,19.4,STOP_TRAILING,34.561088,0.578000
2025.03.26 12:15:00,20250101_000000,ENTRY,USDJPY,v125_AtrBandConfig_YoYoEA_Multi_Entry_M15_MA_9,MA_CROSS,SELL,39,0.10,150.026,0.104214,,-0.002318,,,,,,,39.302409,0.582000
2025.03.26 14:07:26,20250101_000000,EXIT,USDJPY,v125_AtrBandConfig_YoYoEA_Multi_Entry_M15_MA_9,MA_CROSS,SELL,39,0.10,150.276,0.104214,0.077143,,-16.64,0.00,0.00,-16.64,-25.0,STOP_LOSS,39.302409,0.582000
2025.03.27 05:45:00,20250101_000000,ENTRY,USDJPY,v125_AtrBandConfig_YoYoEA_Multi_Entry_M15_MA_9,MA_CROSS,SELL,40,0.10,150.203,0.111643,,-0.014231,,,,,,,33.972160,0.540000
2025.03.27 06:57:45,20250101_000000,EXIT,USDJPY,v125_AtrBandConfig_YoYoEA_Multi_Entry_M15_MA_9,MA_CROSS,SELL,40,0.10,150.183,0.111643,0.105429,,1.33,0.00,0.00,1.33,2.0,STOP_BREAKEVEN,33.972160,0.540000
2025.03.28 10:45:00,20250101_000000,ENTRY,USDJPY,v125_AtrBandConfig_YoYoEA_Multi_Entry_M15_MA_9,MA_CROSS,SELL,41,0.10,150.482,0.095143,,-0.005441,,,,,,,58.169820,0.580000
2025.03.28 12:11:39,20250101_000000,EXIT,USDJPY,v125_AtrBandConfig_YoYoEA_Multi_Entry_M15_MA_9,MA_CROSS,SELL,41,0.10,150.672,0.095143,0.087786,,-12.61,0.00,0.00,-12.61,-19.0,STOP_LOSS,58.169820,0.580000
2025.03.28 13:45:00,20250101_000000,ENTRY,USDJPY,v125_AtrBandConfig_YoYoEA_Multi_Entry_M15_MA_9,MA_CROSS,BUY,42,0.10,150.837,0.078429,,0.005048,,,,,,,37.305571,0.507000
2025.03.28 14:31:00,20250101_000000,EXIT,USDJPY,v125_AtrBandConfig_YoYoEA_Multi_Entry_M15_MA_9,MA_CROSS,BUY,42,0.10,150.857,0.078429,0.080357,,1.32,0.00,0.00,1.32,2.0,STOP_BREAKEVEN,37.305571,0.507000
2025.03.31 23:30:00,20250101_000000,ENTRY,USDJPY,v125_AtrBandConfig_YoYoEA_Multi_Entry_M15_MA_9,MA_CROSS,BUY,43,0.10,149.937,0.109286,,0.008189,,,,,,,36.605652,0.576000
2025.04.01 02:21:35,20250101_000000,EXIT,USDJPY,v125_AtrBandConfig_YoYoEA_Multi_Entry_M15_MA_9,MA_CROSS,BUY,43,0.10,150.123,0.109286,0.075786,,12.39,0.00,0.00,12.39,18.6,STOP_TRAILING,36.605652,0.576000
2025.04.02 13:00:00,20250101_000000,ENTRY,USDJPY,v125_AtrBandConfig_YoYoEA_Multi_Entry_M15_MA_9,MA_CROSS,SELL,44,0.10,149.438,0.126643,,-0.011774,,,,,,,34.192799,0.575000
2025.04.02 13:08:02,20250101_000000,EXIT,USDJPY,v125_AtrBandConfig_YoYoEA_Multi_Entry_M15_MA_9,MA_CROSS,SELL,44,0.10,149.418,0.126643,0.126643,,1.34,0.00,0.00,1.34,2.0,STOP_BREAKEVEN,34.192799,0.575000
2025.04.02 19:30:00,20250101_000000,ENTRY,USDJPY,v125_AtrBandConfig_YoYoEA_Multi_Entry_M15_MA_9,MA_CROSS,BUY,45,0.10,150.142,0.154071,,0.031160,,,,,,,55.445366,1.052000
2025.04.02 23:14:06,20250101_000000,EXIT,USDJPY,v125_AtrBandConfig_YoYoEA_Multi_Entry_M15_MA_9,MA_CROSS,BUY,45,0.10,150.454,0.154071,0.099429,,20.74,0.00,0.00,20.74,31.2,STOP_TRAILING,55.445366,1.052000
2025.04.04 22:15:00,20250101_000000,ENTRY,USDJPY,v125_AtrBandConfig_YoYoEA_Multi_Entry_M15_MA_9,MA_CROSS,BUY,46,0.10,147.256,0.357714,,0.038719,,,,,,,35.717195,2.387000
2025.04.04 22:50:00,20250101_000000,EXIT,USDJPY,v125_AtrBandConfig_YoYoEA_Multi_Entry_M15_MA_9,MA_CROSS,BUY,46,0.10,146.719,0.357714,0.338857,,-36.60,0.00,0.00,-36.60,-53.7,STOP_LOSS,35.717195,2.387000
2025.04.07 07:00:00,20250101_000000,ENTRY,USDJPY,v125_AtrBandConfig_YoYoEA_Multi_Entry_M15_MA_9,MA_CROSS,BUY,47,0.10,146.286,0.262857,,0.036410,,,,,,,36.726700,2.033000
2025.04.07 07:43:15,20250101_000000,EXIT,USDJPY,v125_AtrBandConfig_YoYoEA_Multi_Entry_M15_MA_9,MA_CROSS,BUY,47,0.10,145.892,0.262857,0.256429,,-27.01,0.00,0.00,-27.01,-39.4,STOP_LOSS,36.726700,2.033000
2025.04.08 21:00:00,20250101_000000,ENTRY,USDJPY,v125_AtrBandConfig_YoYoEA_Multi_Entry_M15_MA_9,MA_CROSS,SELL,48,0.10,146.643,0.250214,,-0.055360,,,,,,,42.224657,1.418000
2025.04.08 21:30:29,20250101_000000,EXIT,USDJPY,v125_AtrBandConfig_YoYoEA_Multi_Entry_M15_MA_9,MA_CROSS,SELL,48,0.10,146.633,0.250214,0.257357,,0.68,0.00,0.00,0.68,1.0,STOP_BREAKEVEN,42.224657,1.418000
2025.04.10 13:45:00,20250101_000000,ENTRY,USDJPY,v125_AtrBandConfig_YoYoEA_Multi_Entry_M15_MA_9,MA_CROSS,SELL,49,0.10,145.660,0.197214,,-0.048753,,,,,,,47.795422,1.589000
2025.04.10 15:21:31,20250101_000000,EXIT,USDJPY,v125_AtrBandConfig_YoYoEA_Multi_Entry_M15_MA_9,MA_CROSS,SELL,49,0.10,145.321,0.197214,0.164357,,23.33,0.00,0.00,23.33,33.9,STOP_TRAILING,47.795422,1.589000
2025.04.15 04:15:00,20250101_000000,ENTRY,USDJPY,v125_AtrBandConfig_YoYoEA_Multi_Entry_M15_MA_9,MA_CROSS,BUY,50,0.10,143.447,0.142143,,0.026169,,,,,,,39.350098,0.700000
2025.04.15 04:47:29,20250101_000000,EXIT,USDJPY,v125_AtrBandConfig_YoYoEA_Multi_Entry_M15_MA_9,MA_CROSS,BUY,50,0.10,143.477,0.142143,0.159714,,2.09,0.00,0.00,2.09,3.0,STOP_BREAKEVEN,39.350098,0.700000
2025.04.15 12:30:00,20250101_000000,ENTRY,USDJPY,v125_AtrBandConfig_YoYoEA_Multi_Entry_M15_MA_9,MA_CROSS,SELL,51,0.10,142.751,0.203143,,-0.017909,,,,,,,30.634139,0.826000
2025.04.15 14:21:18,20250101_000000,EXIT,USDJPY,v125_AtrBandConfig_YoYoEA_Multi_Entry_M15_MA_9,MA_CROSS,SELL,51,0.10,143.056,0.203143,0.175000,,-21.32,0.00,0.00,-21.32,-30.5,STOP_LOSS,30.634139,0.826000
2025.04.15 23:30:00,20250101_000000,ENTRY,USDJPY,v125_AtrBandConfig_YoYoEA_Multi_Entry_M15_MA_9,MA_CROSS,BUY,52,0.10,143.178,0.088571,,0.009631,,,,,,,34.179086,0.312000
2025.04.15 23:59:14,20250101_000000,EXIT,USDJPY,v125_AtrBandConfig_YoYoEA_Multi_Entry_M15_MA_9,MA_CROSS,BUY,52,0.10,143.198,0.088571,0.082786,,1.40,0.00,0.00,1.40,2.0,STOP_BREAKEVEN,34.179086,0.312000
2025.04.22 20:30:00,20250101_000000,ENTRY,USDJPY,v125_AtrBandConfig_YoYoEA_Multi_Entry_M15_MA_9,MA_CROSS,BUY,53,0.10,141.105,0.175143,,0.016770,,,,,,,52.525712,0.980000
2025.04.22 20:49:40,20250101_000000,EXIT,USDJPY,v125_AtrBandConfig_YoYoEA_Multi_Entry_M15_MA_9,MA_CROSS,BUY,53,0.10,141.135,0.175143,0.184714,,2.12,0.00,0.00,2.12,3.0,STOP_BREAKEVEN,52.525712,0.980000
2025.04.28 17:30:00,20250101_000000,ENTRY,USDJPY,v125_AtrBandConfig_YoYoEA_Multi_Entry_M15_MA_9,MA_CROSS,SELL,54,0.10,142.959,0.126929,,-0.033058,,,,,,,32.910731,0.609000
2025.04.28 17:38:40,20250101_000000,EXIT,USDJPY,v125_AtrBandConfig_YoYoEA_Multi_Entry_M15_MA_9,MA_CROSS,SELL,54,0.10,142.738,0.126929,0.126929,,15.48,0.00,0.00,15.48,22.1,STOP_TRAILING,32.910731,0.609000
2025.05.02 20:45:00,20250101_000000,ENTRY,USDJPY,v125_AtrBandConfig_YoYoEA_Multi_Entry_M15_MA_9,MA_CROSS,BUY,55,0.10,144.757,0.181000,,0.013667,,,,,,,45.113029,1.064000
2025.05.02 21:43:40,20250101_000000,EXIT,USDJPY,v125_AtrBandConfig_YoYoEA_Multi_Entry_M15_MA_9,MA_CROSS,BUY,55,0.10,145.074,0.181000,0.162071,,21.85,0.00,0.00,21.85,31.7,STOP_TRAILING,45.113029,1.064000
2025.05.14 00:30:00,20250101_000000,ENTRY,USDJPY,v125_AtrBandConfig_YoYoEA_Multi_Entry_M15_MA_9,MA_CROSS,SELL,56,0.10,147.447,0.081000,,-0.008391,,,,,,,35.091802,0.410000
2025.05.14 01:05:16,20250101_000000,EXIT,USDJPY,v125_AtrBandConfig_YoYoEA_Multi_Entry_M15_MA_9,MA_CROSS,SELL,56,0.10,147.304,0.081000,0.071571,,9.70,0.00,0.00,9.70,14.3,STOP_TRAILING,35.091802,0.410000
2025.05.16 20:00:00,20250101_000000,ENTRY,USDJPY,v125_AtrBandConfig_YoYoEA_Multi_Entry_M15_MA_9,MA_CROSS,BUY,57,0.10,145.935,0.141500,,0.013218,,,,,,,30.170946,0.697000
2025.05.16 23:55:27,20250101_000000,EXIT,USDJPY,v125_AtrBandConfig_YoYoEA_Multi_Entry_M15_MA_9,MA_CROSS,BUY,57,0.10,145.610,0.141500,0.066857,,-22.32,0.00,0.00,-22.32,-32.5,STOP_LOSS,30.170946,0.697000
2025.05.19 00:45:00,20250101_000000,ENTRY,USDJPY,v125_AtrBandConfig_YoYoEA_Multi_Entry_M15_MA_9,MA_CROSS,SELL,58,0.10,145.285,0.104357,,-0.030020,,,,,,,38.229007,0.814000
2025.05.19 01:11:32,20250101_000000,EXIT,USDJPY,v125_AtrBandConfig_YoYoEA_Multi_Entry_M15_MA_9,MA_CROSS,SELL,58,0.10,145.107,0.104357,0.109286,,12.27,0.00,0.00,12.27,17.8,STOP_TRAILING,38.229007,0.814000
2025.05.22 19:45:00,20250101_000000,ENTRY,USDJPY,v125_AtrBandConfig_YoYoEA_Multi_Entry_M15_MA_9,MA_CROSS,BUY,59,0.10,144.009,0.178143,,0.013289,,,,,,,42.004169,0.841000
2025.05.22 20:27:32,20250101_000000,EXIT,USDJPY,v125_AtrBandConfig_YoYoEA_Multi_Entry_M15_MA_9,MA_CROSS,BUY,59,0.10,144.317,0.178143,0.172714,,21.34,0.00,0.00,21.34,30.8,STOP_TRAILING,42.004169,0.841000
2025.05.23 06:30:00,20250101_000000,ENTRY,USDJPY,v125_AtrBandConfig_YoYoEA_Multi_Entry_M15_MA_9,MA_CROSS,SELL,60,0.10,143.481,0.128714,,-0.004275,,,,,,,36.841901,0.574000
2025.05.23 09:20:40,20250101_000000,EXIT,USDJPY,v125_AtrBandConfig_YoYoEA_Multi_Entry_M15_MA_9,MA_CROSS,SELL,60,0.10,143.461,0.128714,0.086429,,1.39,0.00,0.00,1.39,2.0,STOP_BREAKEVEN,36.841901,0.574000
2025.05.27 09:30:00,20250101_000000,ENTRY,USDJPY,v125_AtrBandConfig_YoYoEA_Multi_Entry_M15_MA_9,MA_CROSS,BUY,61,0.10,143.155,0.156286,,0.013428,,,,,,,36.495667,1.294000
2025.05.27 09:55:07,20250101_000000,EXIT,USDJPY,v125_AtrBandConfig_YoYoEA_Multi_Entry_M15_MA_9,MA_CROSS,BUY,61,0.10,143.431,0.156286,0.161786,,19.24,0.00,0.00,19.24,27.6,STOP_TRAILING,36.495667,1.294000
2025.05.29 17:15:00,20250101_000000,ENTRY,USDJPY,v125_AtrBandConfig_YoYoEA_Multi_Entry_M15_MA_9,MA_CROSS,SELL,62,0.10,144.311,0.180500,,-0.044031,,,,,,,54.382921,1.027000
2025.05.29 17:23:27,20250101_000000,EXIT,USDJPY,v125_AtrBandConfig_YoYoEA_Multi_Entry_M15_MA_9,MA_CROSS,SELL,62,0.10,144.301,0.180500,0.180500,,0.69,0.00,0.00,0.69,1.0,STOP_BREAKEVEN,54.382921,1.027000
2025.06.03 17:00:00,20250101_000000,ENTRY,USDJPY,v125_AtrBandConfig_YoYoEA_Multi_Entry_M15_MA_9,MA_CROSS,BUY,63,0.10,143.548,0.113786,,0.029166,,,,,,,63.194791,0.846000
2025.06.03 17:00:30,20250101_000000,EXIT,USDJPY,v125_AtrBandConfig_YoYoEA_Multi_Entry_M15_MA_9,MA_CROSS,BUY,63,0.10,143.742,0.113786,0.113786,,13.50,0.00,0.00,13.50,19.4,STOP_TRAILING,63.194791,0.846000
2025.06.05 19:45:00,20250101_000000,ENTRY,USDJPY,v125_AtrBandConfig_YoYoEA_Multi_Entry_M15_MA_9,MA_CROSS,BUY,64,0.10,143.692,0.206357,,0.015320,,,,,,,30.470999,1.196000
2025.06.05 20:56:06,20250101_000000,EXIT,USDJPY,v125_AtrBandConfig_YoYoEA_Multi_Entry_M15_MA_9,MA_CROSS,BUY,64,0.10,143.702,0.206357,0.185571,,0.70,0.00,0.00,0.70,1.0,STOP_BREAKEVEN,30.470999,1.196000
2025.06.10 16:30:00,20250101_000000,ENTRY,USDJPY,v125_AtrBandConfig_YoYoEA_Multi_Entry_M15_MA_9,MA_CROSS,SELL,65,0.10,144.437,0.094500,,-0.014303,,,,,,,35.120889,0.329000
2025.06.10 17:11:27,20250101_000000,EXIT,USDJPY,v125_AtrBandConfig_YoYoEA_Multi_Entry_M15_MA_9,MA_CROSS,SELL,65,0.10,144.626,0.094500,0.100357,,-13.07,0.00,0.00,-13.07,-18.9,STOP_LOSS,35.120889,0.329000
2025.06.10 18:00:00,20250101_000000,ENTRY,USDJPY,v125_AtrBandConfig_YoYoEA_Multi_Entry_M15_MA_9,MA_CROSS,BUY,66,0.10,144.799,0.116071,,0.006160,,,,,,,30.396155,0.391000
2025.06.10 18:33:36,20250101_000000,EXIT,USDJPY,v125_AtrBandConfig_YoYoEA_Multi_Entry_M15_MA_9,MA_CROSS,BUY,66,0.10,144.819,0.116071,0.118571,,1.38,0.00,0.00,1.38,2.0,STOP_BREAKEVEN,30.396155,0.391000
2025.06.11 19:00:00,20250101_000000,ENTRY,USDJPY,v125_AtrBandConfig_YoYoEA_Multi_Entry_M15_MA_9,MA_CROSS,SELL,67,0.10,144.478,0.249429,,-0.017479,,,,,,,31.023478,1.142000
2025.06.12 03:46:01,20250101_000000,EXIT,USDJPY,v125_AtrBandConfig_YoYoEA_Multi_Entry_M15_MA_9,MA_CROSS,SELL,67,0.10,144.043,0.249429,0.131000,,30.20,0.00,0.00,30.20,43.5,STOP_TRAILING,31.023478,1.142000
2025.06.13 14:00:00,20250101_000000,ENTRY,USDJPY,v125_AtrBandConfig_YoYoEA_Multi_Entry_M15_MA_9,MA_CROSS,BUY,68,0.10,144.347,0.158357,,0.001691,,,,,,,50.438414,1.011000
2025.06.13 18:25:27,20250101_000000,EXIT,USDJPY,v125_AtrBandConfig_YoYoEA_Multi_Entry_M15_MA_9,MA_CROSS,BUY,68,0.10,143.983,0.158357,0.144571,,-25.28,0.00,0.00,-25.28,-36.4,STOP_LOSS,50.438414,1.011000
2025.06.18 23:45:00,20250101_000000,ENTRY,USDJPY,v125_AtrBandConfig_YoYoEA_Multi_Entry_M15_MA_9,MA_CROSS,BUY,69,0.10,145.108,0.162214,,0.012449,,,,,,,33.933970,0.890000
2025.06.19 04:05:13,20250101_000000,EXIT,USDJPY,v125_AtrBandConfig_YoYoEA_Multi_Entry_M15_MA_9,MA_CROSS,BUY,69,0.10,144.735,0.162214,0.099643,,-25.77,0.00,0.00,-25.77,-37.3,STOP_LOSS,33.933970,0.890000
2025.06.23 23:45:00,20250101_000000,ENTRY,USDJPY,v125_AtrBandConfig_YoYoEA_Multi_Entry_M15_MA_9,MA_CROSS,SELL,70,0.10,146.129,0.121143,,-0.010037,,,,,,,30.385045,0.530000
2025.06.24 01:06:21,20250101_000000,EXIT,USDJPY,v125_AtrBandConfig_YoYoEA_Multi_Entry_M15_MA_9,MA_CROSS,SELL,70,0.10,145.892,0.121143,0.089929,,16.25,0.00,0.00,16.25,23.7,STOP_TRAILING,30.385045,0.530000
2025.06.25 14:15:00,20250101_000000,ENTRY,USDJPY,v125_AtrBandConfig_YoYoEA_Multi_Entry_M15_MA_9,MA_CROSS,BUY,71,0.10,145.691,0.087214,,0.005844,,,,,,,47.571399,0.681000
2025.06.25 14:44:00,20250101_000000,EXIT,USDJPY,v125_AtrBandConfig_YoYoEA_Multi_Entry_M15_MA_9,MA_CROSS,BUY,71,0.10,145.711,0.087214,0.088429,,1.37,0.00,0.00,1.37,2.0,STOP_BREAKEVEN,47.571399,0.681000
2025.06.26 00:01:00,20250101_000000,ENTRY,USDJPY,v125_AtrBandConfig_YoYoEA_Multi_Entry_M15_MA_9,MA_CROSS,SELL,72,0.10,145.168,0.072357,,-0.012583,,,,,,,37.350350,0.498000
2025.06.26 00:01:31,20250101_000000,EXIT,USDJPY,v125_AtrBandConfig_YoYoEA_Multi_Entry_M15_MA_9,MA_CROSS,SELL,72,0.10,145.148,0.072357,0.072357,,1.37,0.00,0.00,1.37,2.0,STOP_BREAKEVEN,37.350350,0.498000
2025.07.02 11:00:00,20250101_000000,ENTRY,USDJPY,v125_AtrBandConfig_YoYoEA_Multi_Entry_M15_MA_9,MA_CROSS,BUY,73,0.10,143.896,0.123857,,0.020394,,,,,,,45.351658,0.589000
2025.07.02 12:11:42,20250101_000000,EXIT,USDJPY,v125_AtrBandConfig_YoYoEA_Multi_Entry_M15_MA_9,MA_CROSS,BUY,73,0.10,144.106,0.123857,0.127643,,14.57,0.00,0.00,14.57,21.0,STOP_TRAILING,45.351658,0.589000
2025.07.03 02:45:00,20250101_000000,ENTRY,USDJPY,v125_AtrBandConfig_YoYoEA_Multi_Entry_M15_MA_9,MA_CROSS,SELL,74,0.10,143.491,0.069143,,-0.003008,,,,,,,36.346430,0.201000
2025.07.03 12:11:00,20250101_000000,EXIT,USDJPY,v125_AtrBandConfig_YoYoEA_Multi_Entry_M15_MA_9,MA_CROSS,SELL,74,0.10,143.629,0.069143,0.074214,,-9.60,0.00,0.00,-9.60,-13.8,STOP_LOSS,36.346430,0.201000
2025.07.03 12:15:00,20250101_000000,ENTRY,USDJPY,v125_AtrBandConfig_YoYoEA_Multi_Entry_M15_MA_9,MA_CROSS,BUY,75,0.10,143.862,0.091000,,0.003756,,,,,,,35.250313,0.387000
2025.07.03 15:30:06,20250101_000000,EXIT,USDJPY,v125_AtrBandConfig_YoYoEA_Multi_Entry_M15_MA_9,MA_CROSS,BUY,75,0.10,144.291,0.091000,0.087143,,29.73,0.00,0.00,29.73,42.9,STOP_TRAILING,35.250313,0.387000
2025.07.11 05:15:00,20250101_000000,ENTRY,USDJPY,v125_AtrBandConfig_YoYoEA_Multi_Entry_M15_MA_9,MA_CROSS,BUY,76,0.10,146.934,0.129357,,0.038074,,,,,,,55.224907,0.829000
2025.07.11 07:29:42,20250101_000000,EXIT,USDJPY,v125_AtrBandConfig_YoYoEA_Multi_Entry_M15_MA_9,MA_CROSS,BUY,76,0.10,147.157,0.129357,0.134214,,15.15,0.00,0.00,15.15,22.3,STOP_TRAILING,55.224907,0.829000
2025.07.17 06:30:00,20250101_000000,ENTRY,USDJPY,v125_AtrBandConfig_YoYoEA_Multi_Entry_M15_MA_9,MA_CROSS,BUY,77,0.10,148.539,0.108357,,0.020807,,,,,,,49.864782,0.801000
2025.07.17 06:51:40,20250101_000000,EXIT,USDJPY,v125_AtrBandConfig_YoYoEA_Multi_Entry_M15_MA_9,MA_CROSS,BUY,77,0.10,148.559,0.108357,0.104071,,1.34,0.00,0.00,1.34,2.0,STOP_BREAKEVEN,49.864782,0.801000
2025.07.18 16:45:00,20250101_000000,ENTRY,USDJPY,v125_AtrBandConfig_YoYoEA_Multi_Entry_M15_MA_9,MA_CROSS,SELL,78,0.10,148.354,0.111714,,-0.004452,,,,,,,31.622594,0.531000
2025.07.18 17:09:05,20250101_000000,EXIT,USDJPY,v125_AtrBandConfig_YoYoEA_Multi_Entry_M15_MA_9,MA_CROSS,SELL,78,0.10,148.334,0.111714,0.120071,,1.35,0.00,0.00,1.35,2.0,STOP_BREAKEVEN,31.622594,0.531000
2025.07.18 19:30:00,20250101_000000,ENTRY,USDJPY,v125_AtrBandConfig_YoYoEA_Multi_Entry_M15_MA_9,MA_CROSS,BUY,79,0.10,148.649,0.131929,,0.012029,,,,,,,30.057740,0.513000
2025.07.21 00:01:00,20250101_000000,EXIT,USDJPY,v125_AtrBandConfig_YoYoEA_Multi_Entry_M15_MA_9,MA_CROSS,BUY,79,0.10,148.669,0.131929,0.055857,,1.35,0.00,0.00,1.35,2.0,STOP_BREAKEVEN,30.057740,0.513000
2025.07.21 01:45:00,20250101_000000,ENTRY,USDJPY,v125_AtrBandConfig_YoYoEA_Multi_Entry_M15_MA_9,MA_CROSS,SELL,80,0.10,148.580,0.157929,,-0.001958,,,,,,,42.753679,0.968000
2025.07.21 02:47:38,20250101_000000,EXIT,USDJPY,v125_AtrBandConfig_YoYoEA_Multi_Entry_M15_MA_9,MA_CROSS,SELL,80,0.10,148.550,0.157929,0.182857,,2.02,0.00,0.00,2.02,3.0,STOP_BREAKEVEN,42.753679,0.968000
2025.07.30 04:45:00,20250101_000000,ENTRY,USDJPY,v125_AtrBandConfig_YoYoEA_Multi_Entry_M15_MA_9,MA_CROSS,SELL,81,0.10,148.085,0.098857,,-0.015843,,,,,,,40.334941,0.580000
2025.07.30 06:10:40,20250101_000000,EXIT,USDJPY,v125_AtrBandConfig_YoYoEA_Multi_Entry_M15_MA_9,MA_CROSS,SELL,81,0.10,147.900,0.098857,0.110071,,12.51,0.00,0.00,12.51,18.5,STOP_TRAILING,40.334941,0.580000
2025.07.30 16:30:00,20250101_000000,ENTRY,USDJPY,v125_AtrBandConfig_YoYoEA_Multi_Entry_M15_MA_9,MA_CROSS,BUY,82,0.10,148.990,0.136071,,0.047753,,,,,,,40.466733,1.147000
2025.07.30 21:09:02,20250101_000000,EXIT,USDJPY,v125_AtrBandConfig_YoYoEA_Multi_Entry_M15_MA_9,MA_CROSS,BUY,82,0.10,148.663,0.136071,0.093500,,-22.00,0.00,0.00,-22.00,-32.7,STOP_LOSS,40.466733,1.147000
2025.08.01 16:45:00,20250101_000000,ENTRY,USDJPY,v125_AtrBandConfig_YoYoEA_Multi_Entry_M15_MA_9,MA_CROSS,SELL,83,0.10,148.266,0.299429,,-0.136741,,,,,,,34.318311,2.639000
2025.08.01 17:00:31,20250101_000000,EXIT,USDJPY,v125_AtrBandConfig_YoYoEA_Multi_Entry_M15_MA_9,MA_CROSS,SELL,83,0.10,147.732,0.299429,0.313500,,36.15,0.00,0.00,36.15,53.4,STOP_TRAILING,34.318311,2.639000
2025.08.07 08:30:00,20250101_000000,ENTRY,USDJPY,v125_AtrBandConfig_YoYoEA_Multi_Entry_M15_MA_9,MA_CROSS,SELL,84,0.10,147.265,0.091000,,-0.003268,,,,,,,32.358224,0.494000
2025.08.07 09:28:42,20250101_000000,EXIT,USDJPY,v125_AtrBandConfig_YoYoEA_Multi_Entry_M15_MA_9,MA_CROSS,SELL,84,0.10,147.110,0.091000,0.086714,,10.54,0.00,0.00,10.54,15.5,STOP_TRAILING,32.358224,0.494000
2025.08.12 20:15:00,20250101_000000,ENTRY,USDJPY,v125_AtrBandConfig_YoYoEA_Multi_Entry_M15_MA_9,MA_CROSS,SELL,85,0.10,147.688,0.194214,,-0.005849,,,,,,,33.156572,0.940000
2025.08.13 04:35:15,20250101_000000,EXIT,USDJPY,v125_AtrBandConfig_YoYoEA_Multi_Entry_M15_MA_9,MA_CROSS,SELL,85,0.10,147.979,0.194214,0.080214,,-19.66,0.00,0.00,-19.66,-29.1,STOP_LOSS,33.156572,0.940000
2025.08.13 07:00:00,20250101_000000,ENTRY,USDJPY,v125_AtrBandConfig_YoYoEA_Multi_Entry_M15_MA_9,MA_CROSS,BUY,86,0.10,147.997,0.089643,,0.006939,,,,,,,30.703239,0.466000
2025.08.13 07:39:38,20250101_000000,EXIT,USDJPY,v125_AtrBandConfig_YoYoEA_Multi_Entry_M15_MA_9,MA_CROSS,BUY,86,0.10,148.017,0.089643,0.092714,,1.36,0.00,0.00,1.36,2.0,STOP_BREAKEVEN,30.703239,0.466000
2025.08.14 19:00:00,20250101_000000,ENTRY,USDJPY,v125_AtrBandConfig_YoYoEA_Multi_Entry_M15_MA_9,MA_CROSS,BUY,87,0.10,147.686,0.194071,,0.077926,,,,,,,51.039721,1.378000
2025.08.15 00:01:00,20250101_000000,EXIT,USDJPY,v125_AtrBandConfig_YoYoEA_Multi_Entry_M15_MA_9,MA_CROSS,BUY,87,0.10,147.696,0.194071,0.056143,,0.67,0.00,0.00,0.67,1.0,STOP_BREAKEVEN,51.039721,1.378000
2025.08.15 07:45:00,20250101_000000,ENTRY,USDJPY,v125_AtrBandConfig_YoYoEA_Multi_Entry_M15_MA_9,MA_CROSS,SELL,88,0.10,147.160,0.084143,,-0.000463,,,,,,,60.598199,0.675000
2025.08.15 08:45:30,20250101_000000,EXIT,USDJPY,v125_AtrBandConfig_YoYoEA_Multi_Entry_M15_MA_9,MA_CROSS,SELL,88,0.10,147.140,0.084143,0.069071,,1.36,0.00,0.00,1.36,2.0,STOP_BREAKEVEN,60.598199,0.675000
2025.08.15 21:30:00,20250101_000000,ENTRY,USDJPY,v125_AtrBandConfig_YoYoEA_Multi_Entry_M15_MA_9,MA_CROSS,BUY,89,0.10,147.234,0.089000,,0.000407,,,,,,,50.574828,0.531000
2025.08.18 02:56:30,20250101_000000,EXIT,USDJPY,v125_AtrBandConfig_YoYoEA_Multi_Entry_M15_MA_9,MA_CROSS,BUY,89,0.10,147.254,0.089000,0.056714,,1.36,0.00,0.00,1.36,2.0,STOP_BREAKEVEN,50.574828,0.531000
2025.08.20 02:30:00,20250101_000000,ENTRY,USDJPY,v125_AtrBandConfig_YoYoEA_Multi_Entry_M15_MA_9,MA_CROSS,BUY,90,0.10,147.720,0.066143,,0.000237,,,,,,,44.619338,0.276000
2025.08.20 03:23:18,20250101_000000,EXIT,USDJPY,v125_AtrBandConfig_YoYoEA_Multi_Entry_M15_MA_9,MA_CROSS,BUY,90,0.10,147.740,0.066143,0.072714,,1.36,0.00,0.00,1.36,2.0,STOP_BREAKEVEN,44.619338,0.276000
2025.08.20 05:30:00,20250101_000000,ENTRY,USDJPY,v125_AtrBandConfig_YoYoEA_Multi_Entry_M15_MA_9,MA_CROSS,SELL,91,0.10,147.602,0.115929,,-0.000860,,,,,,,31.857472,0.394000
2025.08.20 07:53:33,20250101_000000,EXIT,USDJPY,v125_AtrBandConfig_YoYoEA_Multi_Entry_M15_MA_9,MA_CROSS,SELL,91,0.10,147.582,0.115929,0.093571,,1.36,0.00,0.00,1.36,2.0,STOP_BREAKEVEN,31.857472,0.394000
2025.08.21 11:15:00,20250101_000000,ENTRY,USDJPY,v125_AtrBandConfig_YoYoEA_Multi_Entry_M15_MA_9,MA_CROSS,BUY,92,0.10,147.570,0.086429,,0.009825,,,,,,,31.933934,0.349000
2025.08.21 13:09:31,20250101_000000,EXIT,USDJPY,v125_AtrBandConfig_YoYoEA_Multi_Entry_M15_MA_9,MA_CROSS,BUY,92,0.10,147.717,0.086429,0.080714,,9.95,0.00,0.00,9.95,14.7,STOP_TRAILING,31.933934,0.349000
2025.08.22 18:30:00,20250101_000000,ENTRY,USDJPY,v125_AtrBandConfig_YoYoEA_Multi_Entry_M15_MA_9,MA_CROSS,SELL,93,0.10,146.666,0.248143,,-0.017364,,,,,,,43.501027,2.160000
2025.08.25 01:43:34,20250101_000000,EXIT,USDJPY,v125_AtrBandConfig_YoYoEA_Multi_Entry_M15_MA_9,MA_CROSS,SELL,93,0.10,147.038,0.248143,0.083500,,-25.30,0.00,0.00,-25.30,-37.2,STOP_LOSS,43.501027,2.160000
2025.08.26 08:15:00,20250101_000000,ENTRY,USDJPY,v125_AtrBandConfig_YoYoEA_Multi_Entry_M15_MA_9,MA_CROSS,BUY,94,0.10,147.838,0.099214,,0.038169,,,,,,,57.374845,0.857000
2025.08.26 09:33:39,20250101_000000,EXIT,USDJPY,v125_AtrBandConfig_YoYoEA_Multi_Entry_M15_MA_9,MA_CROSS,BUY,94,0.10,147.640,0.099214,0.093643,,-13.41,0.00,0.00,-13.41,-19.8,STOP_LOSS,57.374845,0.857000
2025.08.26 20:30:00,20250101_000000,ENTRY,USDJPY,v125_AtrBandConfig_YoYoEA_Multi_Entry_M15_MA_9,MA_CROSS,SELL,95,0.10,147.304,0.107786,,-0.012999,,,,,,,34.199301,0.622000
2025.08.27 03:15:38,20250101_000000,EXIT,USDJPY,v125_AtrBandConfig_YoYoEA_Multi_Entry_M15_MA_9,MA_CROSS,SELL,95,0.10,147.563,0.107786,0.073000,,-17.55,0.00,0.00,-17.55,-25.9,STOP_LOSS,34.199301,0.622000
2025.08.27 20:45:00,20250101_000000,ENTRY,USDJPY,v125_AtrBandConfig_YoYoEA_Multi_Entry_M15_MA_9,MA_CROSS,SELL,96,0.10,147.370,0.101786,,-0.008721,,,,,,,56.591785,0.835000
2025.08.28 00:55:05,20250101_000000,EXIT,USDJPY,v125_AtrBandConfig_YoYoEA_Multi_Entry_M15_MA_9,MA_CROSS,SELL,96,0.10,147.350,0.101786,0.063571,,1.36,0.00,0.00,1.36,2.0,STOP_BREAKEVEN,56.591785,0.835000
2025.08.29 16:00:00,20250101_000000,ENTRY,USDJPY,v125_AtrBandConfig_YoYoEA_Multi_Entry_M15_MA_9,MA_CROSS,BUY,97,0.10,147.319,0.085500,,0.006916,,,,,,,54.708740,0.541000
2025.08.29 16:42:04,20250101_000000,EXIT,USDJPY,v125_AtrBandConfig_YoYoEA_Multi_Entry_M15_MA_9,MA_CROSS,BUY,97,0.10,147.148,0.085500,0.087214,,-11.62,0.00,0.00,-11.62,-17.1,STOP_LOSS,54.708740,0.541000
2025.08.29 18:00:00,20250101_000000,ENTRY,USDJPY,v125_AtrBandConfig_YoYoEA_Multi_Entry_M15_MA_9,MA_CROSS,SELL,98,0.10,146.818,0.121214,,-0.004710,,,,,,,42.764544,0.600000
2025.08.29 23:51:06,20250101_000000,EXIT,USDJPY,v125_AtrBandConfig_YoYoEA_Multi_Entry_M15_MA_9,MA_CROSS,SELL,98,0.10,147.109,0.121214,0.049357,,-19.78,0.00,0.00,-19.78,-29.1,STOP_LOSS,42.764544,0.600000
